{"n_qubits": 16, "cost_history": [0.99, 0.98, 0.98, 0.98, 0.99, 0.99, 0.98, 0.98, 1.0, 0.96, 1.0, 1.0, 0.97, 0.98, 0.99, 0.97, 0.97, 0.96, 0.97, 0.97, 0.94, 0.97, 0.99, 0.96, 0.99, 0.98, 0.99, 0.99, 0.96, 0.98, 0.97, 0.97, 0.95, 0.98, 0.97, 0.95, 0.95, 0.9299999999999999, 0.97, 0.95, 0.97, 0.92, 0.9, 0.9, 0.89, 0.92, 0.94, 0.96, 0.91, 0.9, 0.92, 0.9299999999999999, 0.91, 0.88, 0.8200000000000001, 0.86, 0.74, 0.81, 0.8, 0.74, 0.72, 0.71, 0.85, 0.74, 0.76, 0.81, 0.79, 0.73, 0.6, 0.74, 0.86, 0.8, 0.8, 0.78, 0.73, 0.76, 0.77, 0.73, 0.64, 0.54, 0.55, 0.44999999999999996, 0.55, 0.44999999999999996, 0.54, 0.47, 0.52, 0.48, 0.42000000000000004, 0.55, 0.55, 0.52, 0.55, 0.52, 0.53, 0.55, 0.48, 0.53, 0.52, 0.45999999999999996, 0.61, 0.49, 0.6, 0.53, 0.52, 0.45999999999999996, 0.54, 0.51, 0.45999999999999996, 0.51, 0.56, 0.54, 0.56, 0.5, 0.56, 0.45999999999999996, 0.48, 0.51, 0.56, 0.62, 0.56, 0.53, 0.47, 0.52, 0.5800000000000001, 0.56, 0.44999999999999996, 0.53, 0.53, 0.56, 0.48, 0.47, 0.5, 0.48, 0.54, 0.5700000000000001, 0.44999999999999996, 0.5700000000000001, 0.47, 0.5900000000000001, 0.51, 0.49, 0.5, 0.54, 0.5, 0.45999999999999996, 0.5, 0.56, 0.53, 0.52, 0.47, 0.52, 0.56, 0.52, 0.48, 0.48, 0.45999999999999996, 0.52, 0.5700000000000001, 0.5900000000000001, 0.5, 0.52, 0.53, 0.56, 0.52, 0.44999999999999996, 0.53, 0.54, 0.5, 0.54, 0.61, 0.53, 0.5700000000000001, 0.56, 0.5800000000000001, 0.52, 0.53, 0.55, 0.5, 0.63, 0.47, 0.47, 0.5700000000000001, 0.45999999999999996, 0.54, 0.5700000000000001, 0.56, 0.43999999999999995, 0.54, 0.48, 0.5700000000000001, 0.48, 0.47, 0.54, 0.49, 0.47, 0.5900000000000001, 0.49, 0.6, 0.5800000000000001, 0.5900000000000001, 0.5900000000000001, 0.56, 0.49, 0.54, 0.44999999999999996, 0.5, 0.5800000000000001, 0.49, 0.54, 0.42000000000000004, 0.6, 0.47, 0.48, 0.5900000000000001, 0.5700000000000001, 0.53, 0.5800000000000001, 0.44999999999999996, 0.52, 0.48, 0.49, 0.5900000000000001, 0.49, 0.5, 0.54, 0.52, 0.52, 0.47, 0.43999999999999995, 0.5700000000000001, 0.44999999999999996, 0.5900000000000001, 0.41000000000000003, 0.5, 0.52, 0.54, 0.55, 0.56, 0.52, 0.55, 0.47, 0.53, 0.52, 0.51, 0.55, 0.5, 0.42000000000000004, 0.56, 0.47, 0.49, 0.45999999999999996, 0.5800000000000001, 0.5, 0.5800000000000001, 0.5, 0.56, 0.51, 0.5, 0.48, 0.48, 0.53, 0.6, 0.55, 0.55, 0.53, 0.64, 0.43999999999999995, 0.56, 0.54, 0.53, 0.39, 0.5900000000000001, 0.48, 0.43000000000000005, 0.52, 0.55, 0.62, 0.5, 0.54, 0.56, 0.51, 0.45999999999999996, 0.54, 0.51, 0.47, 0.49, 0.47, 0.5, 0.61, 0.54, 0.63, 0.53, 0.49, 0.52, 0.44999999999999996, 0.56, 0.51, 0.55, 0.5800000000000001, 0.6, 0.43000000000000005, 0.5700000000000001, 0.36, 0.49, 0.5, 0.51, 0.45999999999999996, 0.52, 0.52, 0.45999999999999996, 0.53, 0.47, 0.49, 0.5, 0.55, 0.51, 0.5900000000000001, 0.56, 0.56, 0.62, 0.56, 0.56, 0.62, 0.53, 0.61, 0.6, 0.53, 0.55, 0.48, 0.53, 0.54, 0.53, 0.51, 0.49, 0.5, 0.44999999999999996, 0.5800000000000001, 0.53, 0.48, 0.5700000000000001, 0.52, 0.5700000000000001, 0.5, 0.56, 0.51, 0.53, 0.54, 0.54, 0.51, 0.52, 0.49, 0.5900000000000001, 0.41000000000000003, 0.53, 0.51, 0.5900000000000001, 0.5, 0.5700000000000001, 0.56, 0.49, 0.51, 0.5700000000000001, 0.44999999999999996, 0.5700000000000001, 0.51, 0.5700000000000001, 0.47, 0.44999999999999996, 0.43999999999999995, 0.5700000000000001, 0.5900000000000001, 0.54, 0.45999999999999996, 0.5, 0.52, 0.5800000000000001, 0.51, 0.65, 0.54, 0.49, 0.44999999999999996, 0.53, 0.56, 0.56, 0.45999999999999996, 0.54, 0.53, 0.42000000000000004, 0.5, 0.55, 0.47, 0.49, 0.49, 0.55, 0.51, 0.54, 0.49, 0.55, 0.53, 0.52, 0.52, 0.56, 0.54, 0.47, 0.5, 0.5, 0.5, 0.56, 0.52, 0.5, 0.53, 0.56, 0.5900000000000001, 0.49, 0.49, 0.47, 0.53, 0.31000000000000005, 0.5800000000000001, 0.53, 0.49, 0.48, 0.55, 0.5, 0.47, 0.5800000000000001, 0.56, 0.6, 0.51, 0.52, 0.6599999999999999, 0.43999999999999995, 0.55, 0.54, 0.51, 0.54, 0.54, 0.64, 0.55, 0.47, 0.53, 0.47, 0.55, 0.51, 0.42000000000000004, 0.49, 0.56, 0.5, 0.53, 0.55, 0.44999999999999996, 0.43000000000000005, 0.54, 0.44999999999999996, 0.44999999999999996, 0.54, 0.5, 0.5700000000000001, 0.51, 0.47, 0.51, 0.49, 0.5, 0.54, 0.55, 0.42000000000000004, 0.55, 0.54, 0.45999999999999996, 0.5800000000000001, 0.41000000000000003, 0.42000000000000004, 0.64, 0.44999999999999996, 0.52, 0.44999999999999996, 0.44999999999999996, 0.52, 0.49, 0.54, 0.44999999999999996, 0.48, 0.52, 0.53, 0.5, 0.55, 0.48, 0.52, 0.51, 0.5700000000000001, 0.49, 0.51, 0.54, 0.5, 0.6, 0.62, 0.5800000000000001, 0.48, 0.5, 0.5900000000000001, 0.47, 0.49, 0.6, 0.54, 0.47, 0.51, 0.56, 0.5, 0.53, 0.48, 0.47, 0.55, 0.56, 0.55, 0.42000000000000004, 0.55, 0.51, 0.49, 0.54, 0.56, 0.48, 0.54, 0.5700000000000001, 0.5700000000000001, 0.54, 0.51, 0.47, 0.51, 0.54, 0.51, 0.52, 0.49, 0.55, 0.52, 0.52, 0.45999999999999996, 0.62, 0.56, 0.42000000000000004, 0.48, 0.55, 0.45999999999999996, 0.62, 0.47, 0.5800000000000001, 0.54, 0.56, 0.45999999999999996, 0.45999999999999996, 0.56, 0.54, 0.62, 0.51, 0.55, 0.52, 0.51, 0.44999999999999996, 0.45999999999999996, 0.45999999999999996, 0.5700000000000001, 0.47, 0.53, 0.51, 0.49, 0.51, 0.49, 0.51, 0.5, 0.45999999999999996, 0.41000000000000003, 0.5700000000000001, 0.5700000000000001, 0.48, 0.41000000000000003, 0.53, 0.51, 0.49, 0.42000000000000004, 0.6, 0.51, 0.52, 0.51, 0.55, 0.52, 0.5, 0.62, 0.51, 0.47, 0.53, 0.6, 0.54, 0.54, 0.44999999999999996, 0.49, 0.55, 0.53, 0.52, 0.55, 0.56, 0.5800000000000001, 0.56, 0.5800000000000001, 0.53, 0.62, 0.53, 0.5, 0.45999999999999996, 0.54, 0.6, 0.64, 0.56, 0.55, 0.47, 0.49, 0.5700000000000001, 0.5900000000000001, 0.5, 0.5900000000000001, 0.5800000000000001, 0.5700000000000001, 0.52, 0.43999999999999995, 0.56, 0.54, 0.5, 0.56, 0.47, 0.5, 0.45999999999999996, 0.64, 0.53, 0.55, 0.54, 0.47, 0.54, 0.56, 0.63, 0.49, 0.52, 0.51, 0.47, 0.51, 0.5, 0.53, 0.48, 0.53, 0.48, 0.55, 0.61, 0.49, 0.5800000000000001, 0.5900000000000001, 0.5800000000000001, 0.42000000000000004, 0.48, 0.5, 0.51, 0.5, 0.52, 0.52, 0.48, 0.54, 0.56, 0.48, 0.54, 0.5800000000000001, 0.53, 0.49, 0.5, 0.47, 0.51, 0.6599999999999999, 0.5800000000000001, 0.43000000000000005, 0.44999999999999996, 0.5900000000000001, 0.48, 0.5, 0.55, 0.53, 0.45999999999999996, 0.54, 0.48, 0.5800000000000001, 0.48, 0.6, 0.51, 0.51, 0.45999999999999996, 0.43000000000000005, 0.53, 0.52, 0.52, 0.51, 0.53, 0.53, 0.5700000000000001, 0.48, 0.41000000000000003, 0.5700000000000001, 0.56, 0.56, 0.62, 0.5700000000000001, 0.49, 0.55, 0.55, 0.47, 0.54, 0.53, 0.56, 0.52, 0.55, 0.54, 0.49, 0.48, 0.54, 0.5, 0.52, 0.47, 0.44999999999999996, 0.45999999999999996, 0.6, 0.51, 0.53, 0.5, 0.5, 0.5, 0.47, 0.5, 0.5800000000000001, 0.6, 0.52, 0.55, 0.42000000000000004, 0.5, 0.49, 0.43000000000000005, 0.44999999999999996, 0.61, 0.5800000000000001, 0.49, 0.51, 0.55, 0.52, 0.47, 0.54, 0.49, 0.54, 0.56, 0.48, 0.38, 0.54, 0.5700000000000001, 0.54, 0.44999999999999996, 0.48, 0.4, 0.51, 0.5800000000000001, 0.54, 0.48, 0.47, 0.44999999999999996, 0.55, 0.5900000000000001, 0.51, 0.5700000000000001, 0.56, 0.55, 0.53, 0.47, 0.5700000000000001, 0.45999999999999996, 0.52, 0.48, 0.52, 0.54, 0.51, 0.61, 0.52, 0.49, 0.56, 0.48, 0.53, 0.45999999999999996, 0.51, 0.54, 0.51, 0.53, 0.51, 0.56, 0.52, 0.54, 0.54, 0.53, 0.54, 0.49, 0.49, 0.54, 0.54, 0.49, 0.53, 0.44999999999999996, 0.6, 0.5, 0.51, 0.63, 0.51, 0.54, 0.52, 0.43999999999999995, 0.43999999999999995, 0.52, 0.52, 0.45999999999999996, 0.48, 0.48, 0.5900000000000001, 0.56, 0.44999999999999996, 0.47, 0.53, 0.43999999999999995, 0.51, 0.6, 0.5800000000000001, 0.49, 0.54, 0.5800000000000001, 0.53, 0.43999999999999995, 0.6, 0.4, 0.49, 0.5, 0.54, 0.6, 0.56, 0.52, 0.62, 0.48, 0.48, 0.49, 0.5700000000000001, 0.56, 0.53, 0.52, 0.55, 0.56, 0.42000000000000004, 0.52, 0.44999999999999996, 0.5, 0.63, 0.41000000000000003, 0.43999999999999995, 0.56, 0.56, 0.51, 0.53, 0.52, 0.54, 0.52, 0.48, 0.5, 0.5800000000000001, 0.48, 0.5800000000000001, 0.54, 0.5700000000000001, 0.5700000000000001, 0.53, 0.56, 0.49, 0.6, 0.5700000000000001, 0.41000000000000003, 0.51, 0.51, 