{"n_qubits": 16, "cost_history": [1.0, 0.99, 1.0, 1.0, 1.0, 1.0, 1.0, 0.99, 1.0, 0.99, 0.98, 1.0, 1.0, 1.0, 0.99, 1.0, 0.99, 1.0, 0.98, 1.0, 0.98, 1.0, 0.99, 0.98, 1.0, 0.99, 1.0, 0.98, 0.99, 0.98, 0.98, 1.0, 1.0, 0.99, 0.99, 0.98, 1.0, 0.99, 0.98, 0.99, 0.99, 0.97, 0.96, 0.99, 0.98, 1.0, 0.97, 0.96, 0.94, 0.95, 0.96, 0.9, 0.92, 0.9299999999999999, 0.95, 0.94, 0.92, 0.92, 0.89, 0.86, 0.88, 0.83, 0.86, 0.8200000000000001, 0.8200000000000001, 0.77, 0.76, 0.76, 0.73, 0.77, 0.78, 0.75, 0.74, 0.76, 0.74, 0.69, 0.76, 0.8200000000000001, 0.73, 0.77, 0.76, 0.8200000000000001, 0.77, 0.76, 0.86, 0.8, 0.78, 0.81, 0.76, 0.73, 0.76, 0.71, 0.71, 0.74, 0.76, 0.74, 0.74, 0.77, 0.77, 0.73, 0.8, 0.79, 0.79, 0.78, 0.72, 0.8200000000000001, 0.73, 0.69, 0.78, 0.8200000000000001, 0.78, 0.74, 0.76, 0.73, 0.77, 0.8, 0.76, 0.77, 0.78, 0.8, 0.63, 0.73, 0.87, 0.8200000000000001, 0.73, 0.75, 0.77, 0.79, 0.79, 0.74, 0.77, 0.75, 0.72, 0.74, 0.79, 0.6799999999999999, 0.78, 0.74, 0.74, 0.7, 0.74, 0.79, 0.79, 0.79, 0.69, 0.79, 0.7, 0.76, 0.77, 0.69, 0.73, 0.64, 0.6699999999999999, 0.61, 0.43999999999999995, 0.31000000000000005, 0.040000000000000036, 0.050000000000000044, 0.06000000000000005, 0.020000000000000018, 0.030000000000000027, 0.06000000000000005, 0.06999999999999995, 0.040000000000000036], "error_history": "[0.94, 0.96, 0.95, 0.96, 0.96, 0.96, 0.97, 0.96, 0.95, 0.96, 0.95, 0.96, 0.95, 0.96, 0.95, 0.96, 0.96, 0.96, 0.94, 0.95, 0.95, 0.96, 0.95, 0.95, 0.94, 0.95, 0.95, 0.96, 0.95, 0.95, 0.94, 0.9299999999999999, 0.9299999999999999, 0.9299999999999999, 0.95, 0.95, 0.96, 0.9299999999999999, 0.91, 0.94, 0.9299999999999999, 0.92, 0.94, 0.91, 0.92, 0.89, 0.91, 0.92, 0.87, 0.88, 0.86, 0.87, 0.89, 0.8200000000000001, 0.87, 0.83, 0.78, 0.79, 0.71, 0.8, 0.71, 0.76, 0.71, 0.75, 0.73, 0.71, 0.65, 0.73, 0.6799999999999999, 0.6599999999999999, 0.74, 0.7, 0.73, 0.73, 0.72, 0.71, 0.74, 0.71, 0.6799999999999999, 0.72, 0.74, 0.65, 0.6799999999999999, 0.74, 0.74, 0.69, 0.72, 0.73, 0.7, 0.71, 0.73, 0.73, 0.7, 0.71, 0.72, 0.64, 0.6699999999999999, 0.7, 0.71, 0.73, 0.7, 0.72, 0.71, 0.69, 0.7, 0.73, 0.71, 0.71, 0.72, 0.6699999999999999, 0.73, 0.73, 0.69, 0.73, 0.6799999999999999, 0.62, 0.69, 0.71, 0.74, 0.6699999999999999, 0.72, 0.65, 0.71, 0.73, 0.69, 0.69, 0.72, 0.73, 0.71, 0.71, 0.71, 0.7, 0.6, 0.75, 0.73, 0.71, 0.7, 0.64, 0.69, 0.73, 0.63, 0.73, 0.64, 0.6, 0.69, 0.69, 0.69, 0.65, 0.51, 0.5800000000000001, 0.56, 0.49, 0.37, 0.32999999999999996, 0.13, 0.010000000000000009, 0.050000000000000044, 0.050000000000000044, 0.030000000000000027, 0.040000000000000036, 0.020000000000000018, 0.040000000000000036, 0.0]", "ansatz": "Single Layer Simplified 2-Design", "cost": "Global", "optimizer": "<pennylane.optimize.gradient_descent.GradientDescentOptimizer object at 0x0000020BCD0FE510>", "step size": 1.5, "error_threshold": 0.0016, "noise_model": "none", "Time to Solution": 2990.270831346512, "Iterations to Solution": 162, "Final Error": "0.0", "Optimal_weights": "[ 0.09560979 -0.02053996  3.14204074 -0.06136485  3.04349738  3.05214595\n  0.07550788  3.14965138  4.76251229  3.1827801   3.20647951  3.18886863\n -0.02473618  3.19966911  3.14796669  4.68343969 -1.58436663  4.66606455\n  4.67882294  1.42186652  4.75656056  4.69033678]", "Initial_weights": "[1.35560979 0.27946004 3.59954074 1.12363515 4.42349738 2.11464595\n 1.47800788 4.37215138 4.82251229 3.5427801  1.99897951 3.42136863\n 0.48526382 5.51716911 3.11046669 4.60093969 0.11063337 5.49856455\n 5.20382294 2.50186652 4.14156056 6.13033678]"}